{
	"folders": {},
	"connections": {
		"mysql8-18f3c461043-59fa01beb3ddcf5b": {
			"provider": "mysql",
			"driver": "mysql8",
			"name": "localhost",
			"save-password": true,
			"configuration": {
				"host": "localhost",
				"port": "3306",
				"url": "jdbc:mysql://localhost:3306/",
				"configurationType": "MANUAL",
				"home": "mysql_client",
				"type": "dev",
				"closeIdleConnection": true,
				"properties": {
					"connectTimeout": "20000",
					"rewriteBatchedStatements": "true",
					"enabledTLSProtocols": "TLSv1,TLSv1.1,TLSv1.2,TLSv1.3",
					"allowPublicKeyRetrieval": "true"
				},
				"auth-model": "native"
			}
		},
		"oracle_thin-18f5061b2e5-5d962636114a4af4": {
			"provider": "oracle",
			"driver": "oracle_thin",
			"name": "localhost 2_O_SYS",
			"save-password": true,
			"configuration": {
				"host": "localhost",
				"port": "1521",
				"database": "XE",
				"url": "jdbc:oracle:thin:@//localhost:1521/XE",
				"configurationType": "MANUAL",
				"home": "C:\\oraclexe\\app\\oracle\\product\\11.2.0\\server",
				"type": "dev",
				"closeIdleConnection": true,
				"provider-properties": {
					"@dbeaver-connection-type@": "BASIC",
					"@dbeaver-sid-service@": "SERVICE"
				},
				"auth-model": "oracle_native"
			}
		},
		"oracle_thin-18f506e12a6-344469708f3e9d13": {
			"provider": "oracle",
			"driver": "oracle_thin",
			"name": "localhost 3_scott",
			"save-password": true,
			"configuration": {
				"host": "localhost",
				"port": "1521",
				"database": "XE",
				"url": "jdbc:oracle:thin:@//localhost:1521/XE",
				"configurationType": "MANUAL",
				"home": "C:\\oraclexe\\app\\oracle\\product\\11.2.0\\server",
				"type": "dev",
				"closeIdleConnection": true,
				"provider-properties": {
					"@dbeaver-connection-type@": "BASIC",
					"@dbeaver-sid-service@": "SERVICE"
				},
				"auth-model": "oracle_native"
			}
		},
		"oracle_thin-18f55dedc46-2883a952522cf5fb": {
			"provider": "oracle",
			"driver": "oracle_thin",
			"name": "localhost 2_HR",
			"save-password": true,
			"configuration": {
				"host": "localhost",
				"port": "1521",
				"database": "XE",
				"url": "jdbc:oracle:thin:@//localhost:1521/XE",
				"configurationType": "MANUAL",
				"home": "C:\\oraclexe\\app\\oracle\\product\\11.2.0\\server",
				"type": "dev",
				"closeIdleConnection": true,
				"provider-properties": {
					"@dbeaver-connection-type@": "BASIC",
					"@dbeaver-sid-service@": "SERVICE"
				},
				"auth-model": "oracle_native"
			}
		}
	},
	"connection-types": {
		"dev": {
			"name": "Development",
			"color": "255,255,255",
			"description": "Regular development database",
			"auto-commit": true,
			"confirm-execute": false,
			"confirm-data-change": false,
			"smart-commit": false,
			"smart-commit-recover": false,
			"auto-close-transactions": true,
			"close-transactions-period": 1800,
			"auto-close-connections": true,
			"close-connections-period": 14400
		}
	}
}