{"resources":{"Scripts/Script-1.sql":{"default-schema":"SYSTEM","default-datasource":"oracle_thin-18f5061b2e5-5d962636114a4af4"},"Scripts/Script-2.sql":{"default-schema":"SCOTT","default-datasource":"oracle_thin-18f506e12a6-344469708f3e9d13"},"Scripts/Script-3.sql":{"default-datasource":"oracle_thin-18f55dedc46-2883a952522cf5fb","default-schema":"HR"},"Scripts/Script.sql":{"default-schema":"SYSTEM","default-datasource":"oracle_thin-18f5061b2e5-5d962636114a4af4"},"Scripts/day02_mysql.sql":{"default-datasource":"mysql8-18f3c461043-59fa01beb3ddcf5b","default-catalog":"scott"},"Scripts/day02_oracle_scott.sql":{"default-schema":"SCOTT","default-datasource":"mysql8-18f3c461043-59fa01beb3ddcf5b","default-catalog":"scott"},"Scripts/day03_oracle_scott.sql":{"default-datasource":"oracle_thin-18f506e12a6-344469708f3e9d13","default-schema":"SCOTT"}}}