{
	"folders": {},
	"connections": {
		"mysql8-18f3c4755fa-48d44911c1ae78cb": {
			"provider": "mysql",
			"driver": "mysql8",
			"name": "localhost 2",
			"save-password": true,
			"configuration": {
				"host": "localhost",
				"port": "3306",
				"url": "jdbc:mysql://localhost:3306/",
				"configurationType": "MANUAL",
				"home": "mysql_client",
				"type": "dev",
				"closeIdleConnection": true,
				"properties": {
					"connectTimeout": "20000",
					"rewriteBatchedStatements": "true",
					"enabledTLSProtocols": "TLSv1,TLSv1.1,TLSv1.2,TLSv1.3",
					"allowPublicKeyRetrieval": "true"
				},
				"auth-model": "native"
			}
		},
		"oracle_thin-18f3c7e490f-66e9f76381d1fe84": {
			"provider": "oracle",
			"driver": "oracle_thin",
			"name": "localhost",
			"save-password": true,
			"virtual-model-id": "oracle_thin-18f3c7d9a18-676d6d840d7bee6",
			"configuration": {
				"host": "localhost",
				"port": "1521",
				"database": "XE",
				"url": "jdbc:oracle:thin:@//localhost:1521/XE",
				"configurationType": "MANUAL",
				"home": "C:\\oraclexe\\app\\oracle\\product\\11.2.0\\server",
				"type": "dev",
				"closeIdleConnection": true,
				"provider-properties": {
					"@dbeaver-connection-type@": "BASIC",
					"@dbeaver-sid-service@": "SERVICE"
				},
				"auth-model": "oracle_native"
			}
		},
		"oracle_thin-18f3cd72e0c-5d72d8081e0b6b19": {
			"provider": "oracle",
			"driver": "oracle_thin",
			"name": "localhost 3",
			"save-password": true,
			"configuration": {
				"host": "localhost",
				"port": "1521",
				"database": "XE",
				"url": "jdbc:oracle:thin:@//localhost:1521/XE",
				"configurationType": "MANUAL",
				"home": "C:\\oraclexe\\app\\oracle\\product\\11.2.0\\server",
				"type": "dev",
				"closeIdleConnection": true,
				"provider-properties": {
					"@dbeaver-connection-type@": "BASIC",
					"@dbeaver-sid-service@": "SERVICE"
				},
				"auth-model": "oracle_native"
			}
		},
		"oracle_thin-18f3cfe8351-3c17426f1dacd56f": {
			"provider": "oracle",
			"driver": "oracle_thin",
			"name": "localhost 4",
			"save-password": true,
			"configuration": {
				"host": "localhost",
				"port": "1521",
				"database": "XE",
				"url": "jdbc:oracle:thin:@//localhost:1521/XE",
				"configurationType": "MANUAL",
				"home": "C:\\oraclexe\\app\\oracle\\product\\11.2.0\\server",
				"type": "dev",
				"closeIdleConnection": true,
				"provider-properties": {
					"@dbeaver-connection-type@": "BASIC",
					"@dbeaver-sid-service@": "SERVICE"
				},
				"auth-model": "oracle_native"
			}
		},
		"oracle_thin-18f3d20ecd6-76790cb35d739ef5": {
			"provider": "oracle",
			"driver": "oracle_thin",
			"name": "localhost 5",
			"save-password": true,
			"configuration": {
				"host": "localhost",
				"port": "1521",
				"database": "XE",
				"url": "jdbc:oracle:thin:@//localhost:1521/XE",
				"configurationType": "MANUAL",
				"home": "C:\\oraclexe\\app\\oracle\\product\\11.2.0\\server",
				"type": "dev",
				"closeIdleConnection": true,
				"provider-properties": {
					"@dbeaver-connection-type@": "BASIC",
					"@dbeaver-sid-service@": "SERVICE"
				},
				"auth-model": "oracle_native"
			}
		},
		"oracle_thin-18f3d7ffe3e-764742beee258caf": {
			"provider": "oracle",
			"driver": "oracle_thin",
			"name": "localhost 6",
			"save-password": true,
			"configuration": {
				"host": "localhost",
				"port": "1521",
				"database": "XE",
				"url": "jdbc:oracle:thin:@//localhost:1521/XE",
				"configurationType": "MANUAL",
				"home": "C:\\oraclexe\\app\\oracle\\product\\11.2.0\\server",
				"type": "dev",
				"closeIdleConnection": true,
				"provider-properties": {
					"@dbeaver-connection-type@": "BASIC",
					"@dbeaver-sid-service@": "SERVICE"
				},
				"auth-model": "oracle_native"
			}
		},
		"oracle_thin-18f3d81da13-724e6d90f262c545": {
			"provider": "oracle",
			"driver": "oracle_thin",
			"name": "localhost 7",
			"save-password": true,
			"configuration": {
				"host": "localhost",
				"port": "1521",
				"database": "XE",
				"url": "jdbc:oracle:thin:@//localhost:1521/XE",
				"configurationType": "MANUAL",
				"home": "C:\\oraclexe\\app\\oracle\\product\\11.2.0\\server",
				"type": "dev",
				"closeIdleConnection": true,
				"provider-properties": {
					"@dbeaver-connection-type@": "BASIC",
					"@dbeaver-sid-service@": "SERVICE"
				},
				"auth-model": "oracle_native"
			}
		}
	},
	"connection-types": {
		"dev": {
			"name": "Development",
			"color": "255,255,255",
			"description": "Regular development database",
			"auto-commit": false,
			"confirm-execute": false,
			"confirm-data-change": false,
			"smart-commit": false,
			"smart-commit-recover": false,
			"auto-close-transactions": true,
			"close-transactions-period": 1800,
			"auto-close-connections": true,
			"close-connections-period": 14400
		}
	}
}