{"resources":{"Scripts/DB_20240503_김정헌.sql":{"default-schema":"SYSTEM","default-datasource":"oracle_thin-18f3c7e490f-66e9f76381d1fe84"},"Scripts/Script-1.sql":{"default-schema":"HR","default-datasource":"oracle_thin-18f3c7e490f-66e9f76381d1fe84"},"Scripts/Script-2.sql":{"default-schema":"SYSTEM","default-datasource":"oracle_thin-18f3c7e490f-66e9f76381d1fe84"},"Scripts/Script-3.sql":{"default-schema":"SYSTEM","default-datasource":"oracle_thin-18f3c7e490f-66e9f76381d1fe84"},"Scripts/Script-4.sql":{"default-schema":"SYSTEM","default-datasource":"oracle_thin-18f3c7e490f-66e9f76381d1fe84"},"Scripts/Script-5.sql":{"default-schema":"SYSTEM","default-datasource":"oracle_thin-18f3c7e490f-66e9f76381d1fe84"},"Scripts/Script-6.sql":{"default-schema":"SYSTEM","default-datasource":"oracle_thin-18f3c7e490f-66e9f76381d1fe84"},"Scripts/Script.sql":{"default-schema":"SYSTEM","default-datasource":"oracle_thin-18f3c7e490f-66e9f76381d1fe84"},"Scripts/day01_oracle.sql":{"default-schema":"SYSTEM","default-datasource":"oracle_thin-18f3c7e490f-66e9f76381d1fe84"},"Scripts/day01_oracle_scott.sql":{"default-schema":"SCOTT","default-datasource":"oracle_thin-18f3c7e490f-66e9f76381d1fe84"}}}